{"Auto Spin Crate":false,"Auto Equip Rod":false,"Auto Buy Totem":false,"Reduce Lag":false,"Hide Notification":false,"Choose Zone Event  ":"","Choose Zone Fishing":"","Auto Chiseler":false,"Auto Claim Crab Cage":false,"Count Buy":"","Auto Tap Loading Screen":false,"Until Shiny":false,"Infinite Jump":false,"Choose Totem Delay":"","Until Sparkling":false,"Choose List Rod":"","Unrender Players Crab Cage":false,"Webhook Caught":false,"Anti-Staff":false,"Auto Use Totem Delay":false,"Enable Walkspeed":false,"Delay To Use Totem":"4","Auto Buy Luck":false,"Remove Fog":false,"Auto Lantern Keeper [$500]":false,"Unrender All Tool":false,"Amount Buy":"","Choose Crate  ":"","Auto Claim Advent Calendar":false,"Auto Get Heaven's Rod":false,"ESP Player":false,"Auto Collect Meteor":false,"CTRL + Click to Teleport":false,"Auto Favourite All":false,"Auto Accept Trade":false,"Auto Enchant Altar":false,"Choose Buy Shop ":"","Auto Get Sunken Treasure":false,"Prevent Perfect Catches":false,"Auto Buy Desolate Crates":false,"ESP Event Zone":false,"Set Speed":"","Anti-Swim":false,"Infinite Oxygen":true,"Instant Bobber":false,"ESP Zones":false,"Choose NPCs":"","Ping Message/ID":"","Fish Name   ":"","Auto Bestiary Map":false,"Count Buy  ":"","Auto Shake":false,"Choose Rarity":[""],"Auto UnFavourite All":false,"Auto Rod":false,"Give Fish Name":"","Freeze Body":false,"Use Totem At Day":"","Choose Enchant":"","Sell Fish Name":"","Fish Name         ":"","Choose Totem  ":"","Allow Use Equip":false,"Auto Farm Event":false,"Auto Nuke Minigame":false,"Lock Position":false,"Delay To Buy Totem":"4","Auto Trade Player":false,"Tool Name   ":"","Choose Bestiary Map":"","Auto Use Nuke":false,"Auto Sell Fish":false,"Ignore Favourited":false,"Disable Inventory UI":false,"Auto Place Crab Cage":false,"Auto Use Totem":false,"Auto Reconnect":false,"Choose Rod ":"","Job ID":"","Notification Spawned Event Zone":false,"Full Bright":false,"Auto Sell In Hand":false,"Fish Name ":"","Choose Totem":"","Auto Buy Relic":false,"Hide Identity":false,"Prevent Temperature":true,"Auto Buy Crab Cage":false,"Walk On Water":false,"Auto Equip Bait":false,"Webhook Caught Rarity":false,"Auto Buy Ancient Crates":false,"Choose Island":"","Auto Lantern Keeper [$1000]":false,"Auto Use Totem Night/Day":false,"Auto Activate Tool":false,"Auto Favourite":false,"Allow Ping On Ping Message/ID":false,"Farm Reel Mode":"","Choose Player Trade":"","Choose Mutation":[""],"Boost FPS":false,"ESP Bobber":false,"Choose Zone Event":"","Auto UnFavourite":false,"Bypass Gameplay Paused":false,"Auto Meteor (Fully)":false,"Show Screen White":false,"Auto Angler Quests":false,"Auto Appraise":false,"Choose Weight Name":[""],"ESP Island":false,"Webhook URL":"","Webhook Stats":false,"Delay To Send":"","Auto Collect Fragment":false,"Choose Bait":"","Auto Teleport To Zone":false,"Auto Sell All":false,"Auto Summon Megalodon":false,"Choose Interactable":"","Auto Farm Zone":false,"Auto Fix Treasure Map":false,"Auto Pierre Quests":false,"Use Totem At Night":"","Auto Teleport To Mode":false,"Auto Buy Moosewood Crates":false,"Auto Cast":false,"Show Screen Black":false,"Auto Get Treasure Chest":false,"Auto Fillionaire":false,"Teleport Mode":"","No Clip":false,"Auto Buy Bait Crate":false,"Auto Give To Player":false,"Auto Prevent Crab Cage":false,"Auto Reel":false,"Auto Equip Random Bait":false,"Auto Get Crystal":false,"Auto Nuke (Fully)":false}